"Class","n","mean_raisedhands","sd_raisedhands","mean_resources","sd_resources","mean_announcements","sd_announcements","mean_discussion","sd_discussion"
"Low",127,16.8897637795276,17.2093682250588,18.3228346456693,19.1870003486007,15.5748031496063,15.3144395422323,30.8346456692913,25.7101560377327
"Medium",211,48.9383886255924,26.893635204895,60.6350710900474,28.2297462561285,40.9620853080569,24.0869157015118,43.7914691943128,26.120309981803
"High",142,70.2887323943662,22.5434430044582,78.7464788732394,19.3564681658137,53.3802816901408,25.0550407986823,53.6619718309859,27.1958714336324
